L,method,method_label,energy,exact_energy,delta_e,abs_delta_e,elapsed_s,ansatz_len,stop_reason
2,exact,Exact (Sector),-0.8360571181551808,-0.8360571181551808,0.0,0.0,0.0,0,
2,adapt_cse,ADAPT-CSE,-0.5063129706934043,-0.8360571181551808,0.3297441474617765,0.3297441474617765,1.788369458168745,3,eps_energy
2,adapt_uccsd,ADAPT-UCCSD,-0.8360571181551547,-0.8360571181551808,2.609024107869118e-14,2.609024107869118e-14,9.969891208223999,4,
2,hardcoded_vqe,Hardcoded VQE (UCCSD),-0.4546929823080621,-0.8360571181551808,0.3813641358471187,0.3813641358471187,0.01948399981483817,3,
2,qiskit_vqe,Qiskit VQE (UCCSD),-0.5079364901871477,-0.8360571181551808,0.3281206279680331,0.3281206279680331,0.3922746661119163,3,
