{
  "generated_utc": "2026-02-22T02:14:07.784646+00:00",
  "results": [
    {
      "L": 2,
      "hamiltonian": {
        "boundary": "open",
        "dv_cli": 0.5,
        "ordering": "blocked",
        "site_potential": [
          -0.25,
          0.25
        ],
        "t": 1.0,
        "u": 4.0
      },
      "methods": {
        "adapt_cse": {
          "abs_delta_e": 0.3297441474617765,
          "ansatz_len": 3,
          "delta_e": 0.3297441474617765,
          "details": {
            "final_var_h": 0.25635362444491044,
            "outer_iters": 3,
            "pool_mode": "cse_density_ops",
            "pool_size": 12,
            "stop_reason": "eps_energy"
          },
          "elapsed_s": 1.788369458168745,
          "energy": -0.5063129706934043,
          "exact_energy": -0.8360571181551808,
          "method": "adapt_cse"
        },
        "adapt_uccsd": {
          "abs_delta_e": 2.609024107869118e-14,
          "ansatz_len": 4,
          "delta_e": 2.609024107869118e-14,
          "details": {
            "final_var_h": 1.325606291402437e-13,
            "outer_iters": 4,
            "pool_mode": "hardcoded_uccsd_onzots",
            "pool_size": 3,
            "stop_reason": null
          },
          "elapsed_s": 9.969891208223999,
          "energy": -0.8360571181551547,
          "exact_energy": -0.8360571181551808,
          "method": "adapt_uccsd"
        },
        "exact": {
          "abs_delta_e": 0.0,
          "ansatz_len": 0,
          "delta_e": 0.0,
          "details": {
            "note": "sector-filtered exact energy"
          },
          "elapsed_s": 0.0,
          "energy": -0.8360571181551808,
          "exact_energy": -0.8360571181551808,
          "method": "exact"
        },
        "hardcoded_vqe": {
          "abs_delta_e": 0.3813641358471187,
          "ansatz_len": 3,
          "delta_e": 0.3813641358471187,
          "details": {
            "best_restart": 0,
            "message": "Optimization terminated successfully",
            "nfev": 37,
            "nit": 9,
            "num_parameters": 3,
            "success": true
          },
          "elapsed_s": 0.01948399981483817,
          "energy": -0.4546929823080621,
          "exact_energy": -0.8360571181551808,
          "method": "hardcoded_vqe"
        },
        "qiskit_vqe": {
          "abs_delta_e": 0.3281206279680331,
          "ansatz_len": 3,
          "delta_e": 0.3281206279680331,
          "details": {
            "best_restart": 0,
            "effective_maxiter": 60,
            "method": "qiskit_vqe_uccsd",
            "nfev": 51,
            "nit": 12,
            "num_parameters": 3,
            "success": true
          },
          "elapsed_s": 0.3922746661119163,
          "energy": -0.5079364901871477,
          "exact_energy": -0.8360571181551808,
          "method": "qiskit_vqe"
        }
      },
      "n_down": 1,
      "n_up": 1
    }
  ],
  "settings": {
    "adapt_allow_repeats": true,
    "adapt_eps_energy": 1e-08,
    "adapt_eps_grad": 1e-06,
    "adapt_inner_steps": 40,
    "adapt_lbfgs_restarts": 1,
    "adapt_max_depth": 4,
    "adapt_max_time_s": 30.0,
    "adapt_seed": 7,
    "boundary": "open",
    "dv": 0.5,
    "n_down": null,
    "n_up": null,
    "odd_policy": "min_sz",
    "ordering": "blocked",
    "sites": [
      2
    ],
    "t": 1.0,
    "u": 4.0,
    "vqe_maxiter": 60,
    "vqe_reps": 1,
    "vqe_restarts": 1,
    "vqe_seed": 7
  }
}
