L,method,method_label,energy,exact_energy,delta_e,abs_delta_e,elapsed_s,ansatz_len,stop_reason
4,exact,Exact (Sector),-1.9531453086845523,-1.9531453086845523,0.0,0.0,0.0,0,
4,adapt_cse,ADAPT-CSE,-1.434321254381471,-1.9531453086845523,0.5188240543030813,0.5188240543030813,303.67563187517226,8,eps_grad
4,adapt_uccsd,ADAPT-UCCSD,-1.545745918114719,-1.9531453086845523,0.4073993905698332,0.4073993905698332,13672.035645124968,16,budget:max_time_s
4,hardcoded_vqe,Hardcoded VQE (UCCSD),-1.953144573173683,-1.9531453086845523,7.355108693207768e-07,7.355108693207768e-07,250.75532233295962,52,
