group,name,energy,abs_delta_e,VarH,depth,stop_reason,t_total_s
l4,baseline,-0.21211478611640433,0.6239423320387765,1.0004907799869711,1,,0.23065154068171978
l4,hardcoded_vqe,-0.8360569688951665,1.4926001434822922e-07,,6,,0.039797875098884106
l4_frozen_reopt,A_current_budget,-0.21211478611640433,0.6239423320387765,1.0004907799869711,1,fixed_sequence_complete,0.1337719587609172
l4_frozen_reopt,B_unbounded_lbfgs,-0.2122144496069739,0.6238426685482069,1.0000000041466282,1,fixed_sequence_complete,0.14914749981835485
l4_frozen_reopt,C_multistart_slsqp,-0.21220652075178403,0.6238505974033968,1.000039049167395,1,fixed_sequence_complete,0.14466550014913082
l4_budget_ladder,max_time_s=1.0,-0.21211478611640433,0.6239423320387765,1.0004907799869711,1,,0.21376133291050792
l4_budget_ladder,max_time_s=2.0,-0.21211478611640433,0.6239423320387765,1.0004907799869711,1,,0.21577208302915096
l4_prefix_current,1,-0.2122144496069739,0.6238426685482069,1.0000000041466282,1,fixed_sequence_complete,0.1488050422631204
l4_prefix_reference,1,-0.212214449606974,0.6238426685482068,1.0000000041466246,1,fixed_sequence_complete,0.1530250422656536
