L,method,method_label,energy,exact_energy,delta_e,abs_delta_e,elapsed_s,ansatz_len,stop_reason
3,exact,Exact (Sector),-1.2360679774997887,-1.2360679774997887,0.0,0.0,0.0,0,
3,adapt_cse,ADAPT-CSE,-0.964712231458184,-1.2360679774997887,0.27135574604160473,0.27135574604160473,23.24730133265257,5,eps_energy
3,adapt_uccsd,ADAPT-UCCSD,-1.2038547636179735,-1.2360679774997887,0.032213213881815195,0.032213213881815195,391.9165041251108,8,budget:max_time_s
3,hardcoded_vqe,Hardcoded VQE (UCCSD),-1.2360678440293373,-1.2360679774997887,1.3347045135780888e-07,1.3347045135780888e-07,2.5489952908828855,16,
3,qiskit_vqe,Qiskit VQE (UCCSD),-1.2360679395459395,-1.2360679774997887,3.7953849174598986e-08,3.7953849174598986e-08,41.73541900003329,16,
