L,method,method_label,energy,exact_energy,delta_e,abs_delta_e,elapsed_s,ansatz_len,stop_reason
4,exact,Exact (Sector),-1.9531453086845523,-1.9531453086845523,0.0,0.0,0.0,0,
4,adapt_cse,ADAPT-CSE,-1.434321254381471,-1.9531453086845523,0.5188240543030813,0.5188240543030813,291.1623055418022,8,eps_grad
4,adapt_uccsd,ADAPT-UCCSD,-1.5681462274451299,-1.9531453086845523,0.3849990812394224,0.3849990812394224,14122.010506374761,17,budget:max_time_s
4,hardcoded_vqe,Hardcoded VQE (UCCSD),-1.953144573173683,-1.9531453086845523,7.355108693207768e-07,7.355108693207768e-07,214.16090937471017,52,
