L,method,method_label,energy,exact_energy,delta_e,abs_delta_e,elapsed_s,ansatz_len,stop_reason
2,exact,Exact (Sector),-0.8360571181551808,-0.8360571181551808,0.0,0.0,0.0,0,
2,adapt_cse,ADAPT-CSE,-0.5063129706934043,-0.8360571181551808,0.3297441474617765,0.3297441474617765,2.3010185002349317,3,eps_energy
2,adapt_uccsd,ADAPT-UCCSD,-0.8360571181551547,-0.8360571181551808,2.609024107869118e-14,2.609024107869118e-14,12.642415041103959,4,eps_grad
2,hardcoded_vqe,Hardcoded VQE (UCCSD),-0.8360569689093553,-0.8360571181551808,1.492458254759299e-07,1.492458254759299e-07,0.05382333369925618,6,
2,qiskit_vqe,Qiskit VQE (UCCSD),-0.8360571175951912,-0.8360571181551808,5.599896102381763e-10,5.599896102381763e-10,1.7918949578888714,6,
