{
  "generated_utc": "2026-02-21T22:20:11.371502+00:00",
  "results": [
    {
      "L": 2,
      "hamiltonian": {
        "boundary": "open",
        "dv_cli": 0.5,
        "ordering": "blocked",
        "site_potential": [
          -0.25,
          0.25
        ],
        "t": 1.0,
        "u": 4.0
      },
      "methods": {
        "adapt_cse": {
          "abs_delta_e": 0.3297441474617765,
          "ansatz_len": 3,
          "delta_e": 0.3297441474617765,
          "details": {
            "final_var_h": 0.25635362444491044,
            "outer_iters": 3,
            "pool_mode": "cse_density_ops",
            "pool_size": 12,
            "stop_reason": "eps_energy"
          },
          "elapsed_s": 2.3010185002349317,
          "energy": -0.5063129706934043,
          "exact_energy": -0.8360571181551808,
          "method": "adapt_cse"
        },
        "adapt_uccsd": {
          "abs_delta_e": 2.609024107869118e-14,
          "ansatz_len": 4,
          "delta_e": 2.609024107869118e-14,
          "details": {
            "final_var_h": 1.325606291402437e-13,
            "outer_iters": 4,
            "pool_mode": "hardcoded_uccsd_onzots",
            "pool_size": 3,
            "stop_reason": "eps_grad"
          },
          "elapsed_s": 12.642415041103959,
          "energy": -0.8360571181551547,
          "exact_energy": -0.8360571181551808,
          "method": "adapt_uccsd"
        },
        "exact": {
          "abs_delta_e": 0.0,
          "ansatz_len": 0,
          "delta_e": 0.0,
          "details": {
            "note": "sector-filtered exact energy"
          },
          "elapsed_s": 0.0,
          "energy": -0.8360571181551808,
          "exact_energy": -0.8360571181551808,
          "method": "exact"
        },
        "hardcoded_vqe": {
          "abs_delta_e": 1.492458254759299e-07,
          "ansatz_len": 6,
          "delta_e": 1.492458254759299e-07,
          "details": {
            "best_restart": 0,
            "message": "Optimization terminated successfully",
            "nfev": 90,
            "nit": 12,
            "num_parameters": 6,
            "success": true
          },
          "elapsed_s": 0.05382333369925618,
          "energy": -0.8360569689093553,
          "exact_energy": -0.8360571181551808,
          "method": "hardcoded_vqe"
        },
        "qiskit_vqe": {
          "abs_delta_e": 5.599896102381763e-10,
          "ansatz_len": 6,
          "delta_e": 5.599896102381763e-10,
          "details": {
            "best_restart": 0,
            "effective_maxiter": 20,
            "method": "qiskit_vqe_uccsd",
            "nfev": 99,
            "nit": 13,
            "num_parameters": 6,
            "success": true
          },
          "elapsed_s": 1.7918949578888714,
          "energy": -0.8360571175951912,
          "exact_energy": -0.8360571181551808,
          "method": "qiskit_vqe"
        }
      },
      "n_down": 1,
      "n_up": 1
    }
  ],
  "settings": {
    "adapt_allow_repeats": true,
    "adapt_eps_energy": 1e-08,
    "adapt_eps_grad": 1e-06,
    "adapt_inner_steps": 0,
    "adapt_lbfgs_restarts": 1,
    "adapt_max_depth": 6,
    "adapt_max_time_s": 30.0,
    "adapt_seed": 7,
    "boundary": "open",
    "dv": 0.5,
    "n_down": null,
    "n_up": null,
    "odd_policy": "min_sz",
    "ordering": "blocked",
    "sites": [
      2
    ],
    "t": 1.0,
    "u": 4.0,
    "vqe_maxiter": 20,
    "vqe_reps": 2,
    "vqe_restarts": 1,
    "vqe_seed": 7
  }
}
