group,name,energy,abs_delta_e,VarH,depth,stop_reason,t_total_s
l4,baseline,3.763932072252012,5.717077380936564,2.8943330544584,1,budget:max_time_s,8.416797457728535
l4,hardcoded_vqe,-1.953144573173683,7.355108693207768e-07,,52,,226.52988100005314
l4_frozen_reopt,A_current_budget,3.763932072252012,5.717077380936564,2.8943330544584,1,fixed_sequence_complete,1.0922978748567402
l4_frozen_reopt,B_unbounded_lbfgs,3.7639320225002164,5.717077331184768,2.8944272251110394,1,fixed_sequence_complete,1.220712292008102
l4_frozen_reopt,C_multistart_slsqp,3.7639320225055126,5.717077331190065,2.894426217219669,1,fixed_sequence_complete,1.2155715003609657
l4_budget_ladder,max_time_s=4.0,8.0,9.953145308684553,,1,budget:max_time_s,7.254773417022079
l4_budget_ladder,max_time_s=8.0,3.763932072252012,5.717077380936564,2.8943330544584,1,budget:max_time_s,8.367831458803266
l4_prefix_current,1,3.7639320225002164,5.717077331184768,2.8944272251110394,1,fixed_sequence_complete,1.218347417190671
l4_prefix_reference,1,3.7639320225002164,5.717077331184768,2.8944272251110394,1,fixed_sequence_complete,1.2156218327581882
