L,method,method_label,energy,exact_energy,delta_e,abs_delta_e,elapsed_s,ansatz_len,stop_reason
3,exact,Exact (Sector),-1.2360679774997887,-1.2360679774997887,0.0,0.0,0.0,0,
3,adapt_cse,ADAPT-CSE,-0.964712231458184,-1.2360679774997887,0.27135574604160473,0.27135574604160473,20.519584166817367,5,eps_energy
3,adapt_uccsd,ADAPT-UCCSD,-0.9759875662811335,-1.2360679774997887,0.2600804112186552,0.2600804112186552,64.24916674988344,6,budget:max_time_s
3,hardcoded_vqe,Hardcoded VQE (UCCSD),-1.2360678440293373,-1.2360679774997887,1.3347045135780888e-07,1.3347045135780888e-07,2.3534979592077434,16,
3,qiskit_vqe,Qiskit VQE (UCCSD),-1.23604432181074,-1.2360679774997887,2.3655689048718287e-05,2.3655689048718287e-05,44.066203124821186,16,
