L,method,method_label,energy,exact_energy,delta_e,abs_delta_e,elapsed_s,ansatz_len,stop_reason
2,exact,Exact (Sector),-0.8360571181551808,-0.8360571181551808,0.0,0.0,0.0,0,
2,adapt_cse,ADAPT-CSE,-0.5063129706940359,-0.8360571181551808,0.3297441474611449,0.3297441474611449,12.311838082969189,2,eps_grad
2,adapt_uccsd,ADAPT-UCCSD,-0.5079365079365001,-0.8360571181551808,0.32812061021868066,0.32812061021868066,102.94946566736326,3,pool_exhausted
2,hardcoded_vqe,Hardcoded VQE (UCCSD),-0.8360571082547981,-0.8360571181551808,9.900382735850144e-09,9.900382735850144e-09,0.2638166672550142,6,
2,qiskit_vqe,Qiskit VQE (UCCSD),-0.8360571175951912,-0.8360571181551808,5.599896102381763e-10,5.599896102381763e-10,12.921248875092715,6,
