L,method,method_label,energy,exact_energy,abs_delta_e,elapsed_s,gap_closure,gate_pass,gate_reason
2,exact,Exact (Sector),-0.8360571181551808,-0.8360571181551808,0.0,0.0,,True,reference_only
2,hf,Hartree-Fock Ref,4.5,-0.8360571181551808,5.336057118155181,0.0,0.0,True,reference_only
2,hardcoded_vqe,Hardcoded VQE (UCCSD),-0.8360571107052652,-0.8360571181551808,7.449915573332078e-09,0.18158687511458993,0.9999999986038539,True,ok
2,qiskit_vqe,Qiskit VQE (UCCSD),-0.8360571175951912,-0.8360571181551808,5.599896102381763e-10,1.8082341658882797,0.9999999998950554,True,ok
2,adapt_uccsd_fixed,ADAPT-UCCSD (Fixed Sequence),-0.5079365079365084,-0.8360571181551808,0.32812061021867245,13.140350207686424,0.9385087897387213,False,failed_fixed_uccsd_gate
2,adapt_uccsd_adapt,ADAPT-UCCSD (Adaptive),-0.5079365079364111,-0.8360571181551808,0.3281206102187697,17.49405225040391,0.9385087897387031,False,failed_adaptive_uccsd_gate
2,adapt_cse_adapt,ADAPT-CSE (Adaptive),-0.5063129706940825,-0.8360571181551808,0.32974414746109826,5.683201000094414,0.9382045318931856,True,ok
