L,method,method_label,energy,exact_energy,delta_e,abs_delta_e,elapsed_s,ansatz_len,stop_reason
4,exact,Exact (Sector),-1.9531453086845523,-1.9531453086845523,0.0,0.0,0.0,0,
4,adapt_cse,ADAPT-CSE,6.239133628592262,-1.9531453086845523,8.192278937276814,8.192278937276814,2.580008374992758,1,
4,adapt_uccsd,ADAPT-UCCSD,3.766347200029152,-1.9531453086845523,5.719492508713705,5.719492508713705,7.482728791888803,1,
4,hardcoded_vqe,Hardcoded VQE (UCCSD),-0.6856086170399635,-1.9531453086845523,1.267536691644589,1.267536691644589,13.042400625068694,26,
