L,method,method_label,energy,exact_energy,delta_e,abs_delta_e,elapsed_s,ansatz_len,stop_reason
2,exact,Exact (Sector),-0.8360571181551808,-0.8360571181551808,0.0,0.0,0.0,0,
2,adapt_cse,ADAPT-CSE,-0.5063129706940535,-0.8360571181551808,0.32974414746112735,0.32974414746112735,14.812023458071053,3,eps_energy
2,adapt_uccsd,ADAPT-UCCSD,-0.507936507935441,-0.8360571181551808,0.3281206102197398,0.3281206102197398,27.798696334008127,3,pool_exhausted
2,hardcoded_vqe,Hardcoded VQE (UCCSD),-0.8360571082547981,-0.8360571181551808,9.900382735850144e-09,9.900382735850144e-09,0.17583554238080978,6,
2,qiskit_vqe,Qiskit VQE (UCCSD),-0.8360571175951912,-0.8360571181551808,5.599896102381763e-10,5.599896102381763e-10,10.367436124943197,6,
