{
  "generated_utc": "2026-02-21T14:18:29.877547+00:00",
  "results": [
    {
      "L": 2,
      "hamiltonian": {
        "boundary": "open",
        "dv_cli": 0.5,
        "ordering": "blocked",
        "site_potential": [
          -0.25,
          0.25
        ],
        "t": 1.0,
        "u": 4.0
      },
      "methods": {
        "adapt_cse": {
          "abs_delta_e": 0.3297441474617765,
          "ansatz_len": 3,
          "delta_e": 0.3297441474617765,
          "details": {
            "final_var_h": 0.25635362444491044,
            "outer_iters": 3,
            "pool_mode": "cse_density_ops",
            "pool_size": 12,
            "stop_reason": "eps_energy"
          },
          "elapsed_s": 2.061146749649197,
          "energy": -0.5063129706934043,
          "exact_energy": -0.8360571181551808,
          "method": "adapt_cse"
        },
        "adapt_uccsd": {
          "abs_delta_e": 0.32812061021973615,
          "ansatz_len": 3,
          "delta_e": 0.32812061021973615,
          "details": {
            "final_var_h": 0.2579992367488817,
            "outer_iters": 3,
            "pool_mode": "hardcoded_uccsd_onzots",
            "pool_size": 3,
            "stop_reason": "pool_exhausted"
          },
          "elapsed_s": 2.927679750137031,
          "energy": -0.5079365079354446,
          "exact_energy": -0.8360571181551808,
          "method": "adapt_uccsd"
        },
        "exact": {
          "abs_delta_e": 0.0,
          "ansatz_len": 0,
          "delta_e": 0.0,
          "details": {
            "note": "sector-filtered exact energy"
          },
          "elapsed_s": 0.0,
          "energy": -0.8360571181551808,
          "exact_energy": -0.8360571181551808,
          "method": "exact"
        },
        "hardcoded_vqe": {
          "abs_delta_e": 0.3813641358473485,
          "ansatz_len": 3,
          "delta_e": 0.3813641358473485,
          "details": {
            "best_restart": 0,
            "message": "Optimization terminated successfully",
            "nfev": 37,
            "nit": 9,
            "num_parameters": 3,
            "success": true
          },
          "elapsed_s": 0.015890457667410374,
          "energy": -0.4546929823078323,
          "exact_energy": -0.8360571181551808,
          "method": "hardcoded_vqe"
        },
        "qiskit_vqe": {
          "abs_delta_e": 0.3281206279318861,
          "ansatz_len": 3,
          "delta_e": 0.3281206279318861,
          "details": {
            "best_restart": 0,
            "effective_maxiter": 250,
            "method": "qiskit_vqe_uccsd",
            "nfev": 51,
            "nit": 12,
            "num_parameters": 3,
            "success": true
          },
          "elapsed_s": 0.5015471670776606,
          "energy": -0.5079364902232947,
          "exact_energy": -0.8360571181551808,
          "method": "qiskit_vqe"
        }
      },
      "n_down": 1,
      "n_up": 1
    },
    {
      "L": 3,
      "hamiltonian": {
        "boundary": "open",
        "dv_cli": 0.5,
        "ordering": "blocked",
        "site_potential": null,
        "t": 1.0,
        "u": 4.0
      },
      "methods": {
        "adapt_cse": {
          "abs_delta_e": 0.27135574604160473,
          "ansatz_len": 5,
          "delta_e": 0.27135574604160473,
          "details": {
            "final_var_h": 0.4719684533945333,
            "outer_iters": 5,
            "pool_mode": "cse_density_ops",
            "pool_size": 15,
            "stop_reason": "eps_energy"
          },
          "elapsed_s": 17.088969415985048,
          "energy": -0.964712231458184,
          "exact_energy": -1.2360679774997887,
          "method": "adapt_cse"
        },
        "adapt_uccsd": {
          "abs_delta_e": 0.2546200587538674,
          "ansatz_len": 8,
          "delta_e": 0.2546200587538674,
          "details": {
            "final_var_h": 0.3573479403970896,
            "outer_iters": 8,
            "pool_mode": "hardcoded_uccsd_onzots",
            "pool_size": 8,
            "stop_reason": "budget:max_time_s"
          },
          "elapsed_s": 330.6343292500824,
          "energy": -0.9814479187459213,
          "exact_energy": -1.2360679774997887,
          "method": "adapt_uccsd"
        },
        "exact": {
          "abs_delta_e": 0.0,
          "ansatz_len": 0,
          "delta_e": 0.0,
          "details": {
            "note": "sector-filtered exact energy"
          },
          "elapsed_s": 0.0,
          "energy": -1.2360679774997887,
          "exact_energy": -1.2360679774997887,
          "method": "exact"
        },
        "hardcoded_vqe": {
          "abs_delta_e": 0.014668579071886123,
          "ansatz_len": 8,
          "delta_e": 0.014668579071886123,
          "details": {
            "best_restart": 0,
            "message": "Optimization terminated successfully",
            "nfev": 522,
            "nit": 56,
            "num_parameters": 8,
            "success": true
          },
          "elapsed_s": 2.9455279582180083,
          "energy": -1.2213993984279026,
          "exact_energy": -1.2360679774997887,
          "method": "hardcoded_vqe"
        },
        "qiskit_vqe": {
          "abs_delta_e": 0.014668377691518852,
          "ansatz_len": 8,
          "delta_e": 0.014668377691518852,
          "details": {
            "best_restart": 0,
            "effective_maxiter": 250,
            "method": "qiskit_vqe_uccsd",
            "nfev": 477,
            "nit": 51,
            "num_parameters": 8,
            "success": true
          },
          "elapsed_s": 34.18512970767915,
          "energy": -1.2213995998082698,
          "exact_energy": -1.2360679774997887,
          "method": "qiskit_vqe"
        }
      },
      "n_down": 1,
      "n_up": 2
    }
  ],
  "settings": {
    "adapt_eps_energy": 1e-08,
    "adapt_eps_grad": 1e-06,
    "adapt_inner_steps": 250,
    "adapt_lbfgs_restarts": 1,
    "adapt_max_depth": 12,
    "adapt_max_time_s": 300.0,
    "adapt_seed": 7,
    "boundary": "open",
    "dv": 0.5,
    "n_down": null,
    "n_up": null,
    "odd_policy": "min_sz",
    "ordering": "blocked",
    "sites": [
      2,
      3
    ],
    "t": 1.0,
    "u": 4.0,
    "vqe_maxiter": 250,
    "vqe_reps": 1,
    "vqe_restarts": 1,
    "vqe_seed": 7
  }
}
