L,method,method_label,energy,exact_energy,abs_delta_e,elapsed_s,gap_closure,gate_pass,gate_reason
2,exact,Exact (Sector),-0.8360571181551808,-0.8360571181551808,0.0,0.0,,True,reference_only
2,hf,Hartree-Fock Ref,4.5,-0.8360571181551808,5.336057118155181,0.0,0.0,True,reference_only
2,hardcoded_vqe,Hardcoded VQE (UCCSD),-0.8360571181272398,-0.8360571181551808,2.7940982860741315e-11,0.27663641702383757,0.9999999999947637,True,ok
2,qiskit_vqe,Qiskit VQE (UCCSD),-0.8360571175951912,-0.8360571181551808,5.599896102381763e-10,2.673575249966234,0.9999999998950554,True,ok
2,adapt_uccsd_fixed,ADAPT-UCCSD (Fixed Sequence),-0.5079365079365084,-0.8360571181551808,0.32812061021867245,107.29232912510633,0.9385087897387213,False,failed_fixed_uccsd_gate
2,adapt_uccsd_adapt,ADAPT-UCCSD (Adaptive),-0.5079365079365035,-0.8360571181551808,0.32812061021867733,68.92889162478969,0.9385087897387204,False,failed_adaptive_uccsd_gate
2,adapt_cse_adapt,ADAPT-CSE (Adaptive),-0.5063129706940832,-0.8360571181551808,0.3297441474610976,9.134938042145222,0.9382045318931856,True,ok
