L,method,method_label,energy,exact_energy,delta_e,abs_delta_e,elapsed_s,ansatz_len,stop_reason
2,exact,Exact (Sector),-0.8360571181551808,-0.8360571181551808,0.0,0.0,0.0,0,
2,adapt_cse,ADAPT-CSE,-0.5063129706934043,-0.8360571181551808,0.3297441474617765,0.3297441474617765,0.8942154590040445,2,
2,adapt_uccsd,ADAPT-UCCSD,-0.5063129706937265,-0.8360571181551808,0.3297441474614543,0.3297441474614543,0.6566943749785423,2,
2,hardcoded_vqe,Hardcoded VQE (UCCSD),-0.4546929823080621,-0.8360571181551808,0.3813641358471187,0.3813641358471187,0.014993667136877775,3,
