{
  "L": 3,
  "best": {
    "abs_delta_e": 0.5701037960282098,
    "ansatz_len": 5,
    "config": {
      "allow_repeats": true,
      "inner_steps": 700,
      "lbfgs_restarts": 12,
      "max_depth": 36,
      "max_time_s": 300.0,
      "name": "bounded_repeats_heavy",
      "seed": 11,
      "theta_bound": "pi"
    },
    "delta_e": 0.5701037960282098,
    "elapsed_s": 300.09628104185686,
    "energy": -0.6659641814715789,
    "exact_sector": -1.2360679774997887,
    "final_var_h": 0.4719714727186397,
    "pool_size": 8,
    "stop_reason": "budget:max_time_s"
  },
  "results": [
    {
      "abs_delta_e": 0.5701037960282098,
      "ansatz_len": 5,
      "config": {
        "allow_repeats": true,
        "inner_steps": 700,
        "lbfgs_restarts": 12,
        "max_depth": 36,
        "max_time_s": 300.0,
        "name": "bounded_repeats_heavy",
        "seed": 11,
        "theta_bound": "pi"
      },
      "delta_e": 0.5701037960282098,
      "elapsed_s": 300.09628104185686,
      "energy": -0.6659641814715789,
      "exact_sector": -1.2360679774997887,
      "final_var_h": 0.4719714727186397,
      "pool_size": 8,
      "stop_reason": "budget:max_time_s"
    },
    {
      "abs_delta_e": 0.8177576712760657,
      "ansatz_len": 5,
      "config": {
        "allow_repeats": false,
        "inner_steps": 900,
        "lbfgs_restarts": 16,
        "max_depth": 8,
        "max_time_s": 300.0,
        "name": "bounded_unique_fullpool_heavy",
        "seed": 13,
        "theta_bound": "pi"
      },
      "delta_e": 0.8177576712760657,
      "elapsed_s": 300.07506691711023,
      "energy": -0.418310306223723,
      "exact_sector": -1.2360679774997887,
      "final_var_h": 0.47197147254779004,
      "pool_size": 8,
      "stop_reason": "budget:max_time_s"
    }
  ],
  "timestamp": "2026-02-19 15:40:19"
}
