{
  "L": 3,
  "abs_delta_e": 0.26651284495863725,
  "ansatz_len": 5,
  "config": {
    "allow_repeats": true,
    "eps_energy": 1e-11,
    "eps_grad": 1e-09,
    "grouped_trotter_order": 2,
    "grouped_trotter_reps": 2,
    "inner_steps": 300,
    "lbfgs_restarts": 4,
    "max_depth": 24,
    "max_time_s": 300.0,
    "pool_mode": "hardcoded_uccsd_onzots",
    "seed": 19
  },
  "delta_e": 0.26651284495863725,
  "elapsed_s": 300.2109834593721,
  "energy": -0.9695551325411514,
  "exact_sector": -1.2360679774997887,
  "final_var_h": 0.47197166527902146,
  "pool_size": 8,
  "stop_reason": "budget:max_time_s"
}
